source,target,weight
1000814363954040832,112125663,1
1001093201330163713,1228363893564694528,1
1001093201330163713,290179649,4
1001093201330163713,291185646,1
1001631647400374272,1114612239565303808,1
1002494009464492032,237670274,1
1002494009464492032,290179649,1
1003213434882809856,237670274,2
1003256726387347456,2195550221,1
1003256726387347456,282168818,2
1003256726387347456,883016728426536960,2
100488775,4847901676,1
1005118766,14132591,2
100548335,282168818,1
1005987312008876032,282168818,2
1010971071074504704,1212406013619363842,2
1010971071074504704,399931157,1
1010971071074504704,822180013340553216,1
1011616865385418752,112125663,1
1011889539630206976,237670274,1
1011889539630206976,290179649,2
1011924694554103809,112125663,1
1011924694554103809,883016728426536960,1
1012020753246621696,112125663,1
1012020753246621696,144112800,1
1012020753246621696,18393773,1
1012020753246621696,18912325,1
1012020753246621696,24343921,1
1012020753246621696,284410889,1
1012020753246621696,290179649,1
1012020753246621696,291185646,1
1012020753246621696,419532697,1
101320565,112125663,1
101320565,290179649,1
101320565,291185646,1
1013534740484411397,2195550221,1
1014105365280186368,1024840482298507264,3
1014105365280186368,112125663,1
1014105365280186368,171031365,1
1014105365280186368,237670274,1
1014105365280186368,282168818,1
1014105365280186368,290179649,7
1014105365280186368,291185646,2
1014105365280186368,3327887445,3
1014105365280186368,398041988,1
1014105365280186368,419532697,1
1014105365280186368,883016728426536960,5
1016001044,419532697,1
1016403034203713538,112125663,1
1016403034203713538,112400302,2
1016403034203713538,240364833,5
1016403034203713538,290179649,10
1016403034203713538,291185646,3
1016461676592459776,290179649,1
1016577716093620224,2957406928,1
101787074,291185646,1
1018992433214971905,290179649,1
1018992433214971905,74835605,1
1019714689373175808,290179649,1
1020105144,112125663,2
1020105144,14132591,1
1020105144,290179649,9
1020105144,291185646,1
1020105144,47391671,1
1022213151515963394,1165690094461882368,1
1023880655615217664,112125663,4
1023880655615217664,237670274,1
1023880655615217664,290179649,1
1023880655615217664,291185646,3
1023880655615217664,419532697,2
1023880655615217664,47722415,1
1023880655615217664,883016728426536960,1
102414996,112125663,1
102461337,291185646,1
1024840482298507264,112400302,1
1024840482298507264,14132591,1
1024840482298507264,1630805862,1
1024840482298507264,23577049,1
1024840482298507264,290179649,6
1024840482298507264,398041988,1
1024840482298507264,419532697,2
1030078961055875072,1240818816273321988,1
1030078961055875072,47722415,1
1037002892127940608,112125663,8
1037002892127940608,290179649,32
1037002892127940608,291185646,1
1037002892127940608,419532697,9
1037527831,290179649,2
1039101131450920960,291185646,1
1040706537185005569,112125663,1
1040706537185005569,1165696931114442753,1
1040706537185005569,237670274,2
1040706537185005569,290179649,2
1040706537185005569,419532697,1
104141401,112125663,9
104141401,290179649,13
104141401,291185646,1
104141401,419532697,3
1042063141151145984,290179649,1
1045835194954067970,237670274,1
1045835194954067970,3747619156,1
1046196823189331968,14132591,1
1046196823189331968,883016728426536960,1
1047677043507384320,237670274,1
1047677043507384320,290179649,1
1047677043507384320,4847901676,4
1047677043507384320,883016728426536960,5
1048490530198491136,237670274,2
1048490530198491136,290179649,1
1048689902848815110,112125663,1
1048689902848815110,290179649,1
1048689902848815110,291185646,1
1048689902848815110,419532697,1
1049639027740209152,112125663,1
1049639027740209152,290179649,6
1049639027740209152,419532697,1
1049722556322856960,112125663,37
1049722556322856960,1142871151330430976,1
1049722556322856960,208685394,1
1049722556322856960,290179649,63
1049722556322856960,419532697,60
1050803092835459072,3327887445,1
1055499438,237670274,1
1055499438,290179649,1
1058958443485298688,237670274,1
1058958443485298688,282168818,1
1060079353655103488,112125663,2
106196958,237670274,1
1062307862788087811,19583097,1
1062307862788087811,237670274,1
1062307862788087811,282168818,1
106232172,1013777146102337536,1
106232172,1630805862,1
106232172,237824238,1
106232172,3131146787,1
106252413,112125663,1
1063737481,4847901676,1
1064238298170908674,290179649,1
1064328646557659142,112125663,1
1064328646557659142,237670274,1
1064328646557659142,290179649,1
1064328646557659142,419532697,1
1064328646557659142,46962454,1
106552978,108352544,2
106552978,14322567,1
106552978,290179649,3
106552978,291185646,1
106552978,730730482615365633,1
106552978,885061631306346499,1
1065687993070047234,290179649,1
1066067299424178176,112125663,1
1066067299424178176,237670274,1
1066067299424178176,290179649,11
1066067299424178176,291185646,1
1066067299424178176,419532697,2
1066067299424178176,885061631306346499,4
1066178479,290179649,3
1066411357761953793,14132591,1
1066411357761953793,290179649,1
1066411357761953793,507787618,1
1067015445310566401,249088295,1
1067065956038557696,237670274,1
1067065956038557696,290179649,1
1067065956038557696,291185646,3
1068251229732708353,282168818,1
1069342375875657728,237327244,1
1069488029004267520,290179649,1
1069488029004267520,419532697,1
1069984794845560832,112400302,1
1069984794845560832,1216154687633752065,1
1069984794845560832,290179649,1
1071402104,1069673492411531265,1
1071402104,1091761289465135104,1
1071402104,1107372618,1
1071402104,112125663,1
1071402104,112400302,1
1071402104,1149769979975426048,1
1071402104,1203450485581238273,1
1071402104,1220292750001700864,1
1071402104,15358525,1
1071402104,19615011,1
1071402104,254713258,1
1071402104,2744546103,1
1071402104,2782696523,1
1071402104,3076111561,1
1071402104,312191671,1
1071402104,497093120,1
1071402104,725757744255516672,1
1071402104,730730482615365633,1
1071402104,866410626633093120,1
1071402104,883016728426536960,2
1071402104,939010904,2
1072210115326066688,10228272,1
1072210115326066688,112125663,2
1072210115326066688,112400302,1
1072210115326066688,2195550221,1
1072210115326066688,22479281,1
1072210115326066688,237670274,1
1072210115326066688,263055971,1
1072210115326066688,273661014,1
1072210115326066688,290179649,1
1072210115326066688,291185646,1
1072210115326066688,486755798,1
1072210115326066688,822180013340553216,1
1072474401113817088,74581886,7
1074070124297097216,290179649,1
1077536546788651008,2195550221,1
107837712,290179649,4
107837712,291185646,1
1078964321315667969,290179649,6
1078964321315667969,399931157,1
1078964321315667969,419532697,1
1078964321315667969,4653181881,3
1080594720215236609,16717978,1
1080594720215236609,290179649,2
1081191818153332737,1109576265672077312,1
1081562665389117440,1241798246441332737,1
1081562665389117440,237670274,1
1081562665389117440,290179649,1
1081666778332360704,237670274,1
1081678979311026177,290179649,3
1081678979311026177,419532697,2
1081678979311026177,939010904,1
108352544,112125663,1
108352544,14322567,1
108352544,290179649,3
108352544,291185646,1
108352544,419532697,2
108352544,885061631306346499,1
1083935757264396288,237670274,1
1087391127341289473,290179649,3
1093187196,290179649,1
1095843643980685312,112125663,3
1095843643980685312,290179649,3
1095843643980685312,291185646,1
1095843643980685312,419532697,4
1096773757757202433,290179649,1
1098673374375673856,2957406928,1
1099543825,112125663,1
1099788768758898690,2195550221,2
1099788768758898690,3327887445,1
1101616093670588422,237670274,1
1101616093670588422,290179649,1
1102300002163048448,237670274,1
1103344646091141121,1103644407788646401,1
1103344646091141121,237670274,1
1103344646091141121,3244060525,1
1103344646091141121,37972440,1
1104513234307072001,112125663,1
1105878865,14132591,1
1105878865,17563137,1
1105878865,186400826,1
1105878865,242838469,1
1105878865,2708805151,1
1105878865,290179649,6
1105878865,419532697,2
1105878865,477680081,1
1105878865,742934683,1
1106867328921276416,290179649,1
1106867328921276416,883016728426536960,1
1107372618,291185646,1
1107372618,883016728426536960,1
1107793013626101760,1026161281127116800,1
1107793013626101760,1283985709,3
1107793013626101760,290179649,4
1107793013626101760,291185646,1
1107793013626101760,3131146787,1
1107793013626101760,3327887445,3
1107793013626101760,419532697,1
1107793013626101760,725757744255516672,1
1107793013626101760,883016728426536960,4
1107986251557167104,290179649,2
1107986251557167104,608461187,1
1107986251557167104,885061631306346499,1
1108940862,290179649,1
1108940862,419532697,1
1109576265672077312,290179649,1
1110614568974331905,290179649,1
1110614568974331905,398041988,1
1110940706267426819,883016728426536960,1
111189796,109009420,1
111189796,237670274,1
111189796,3135274253,1
111189796,742934683,1
111189796,858074531126267904,1
111189796,913078276524068869,1
1113787292504584192,237670274,1
1113787292504584192,290179649,1
1113855736281481217,883016728426536960,2
1115372287417622533,883016728426536960,1
1115915379384172544,2238248001,1
1116083648699273217,290179649,1
1117432434843373568,391542531,1
1117863571843690497,1114612239565303808,1
1118284507466088450,3486890593,1
1119789115245858817,883016728426536960,1
112125663,1142871151330430976,1
112125663,290179649,2
112125663,419532697,3
112125663,939010904,1
112400302,112125663,3
112400302,186582233,1
112400302,290179649,1
1124006564522876932,237670274,2
1128008297544650752,112125663,1
1128008297544650752,1211703130003427328,1
1130127366695600128,112125663,1
1130127366695600128,237670274,1
1130127366695600128,290179649,1
1130127366695600128,419532697,1
1132328235675602944,3131146787,4
1132328235675602944,3327887445,1
1132328235675602944,725757744255516672,1
1132328235675602944,810246923475152896,1
1132328235675602944,883016728426536960,1
1133108042315325445,419532697,1
1133108042315325445,978508142,1
1134903483608576000,112125663,1
1136343340109258756,290179649,4
1136343340109258756,291185646,1
1139119619120214016,291185646,1
1139691182,112125663,2
1139691182,290179649,7
1139691182,291185646,2
114003809,282168818,1
1140196567,290179649,1
1140196567,291185646,1
1140556387992375296,15787206,1
1140556387992375296,237670274,1
1141065176122298369,112125663,1
1141065176122298369,290179649,4
1141065176122298369,419532697,2
1141207155003068419,112125663,1
1141207155003068419,883016728426536960,1
1143370975,290179649,12
1143822339379007488,237670274,1
1143822339379007488,290179649,1
1143822339379007488,414145921,1
1143822339379007488,462997201,2
1143822339379007488,4827436714,1
1143893731566919680,237670274,1
1143893731566919680,290179649,1
1143961426853343232,2195550221,1
1145457942315057152,290179649,1
1145457942315057152,291185646,1
1145757476878462979,290179649,1
114686660,108352544,1
114686660,291185646,1
114686660,611742122,1
1146998419711393793,2393124608,1
1149769979975426048,112125663,1
1150298329,112400302,1
1150298329,17099285,2
1150298329,290179649,2
1150298329,291185646,1
1150298329,381492307,2
1150298329,419532697,7
1150298329,987667321815752704,1
1150748364834824194,3327887445,1
1154233993,237670274,1
1154233993,290179649,2
1154233993,291185646,1
1155069253,290179649,1
1155069253,4653181881,1
1155506620794908677,1037002892127940608,1
1155506620794908677,290179649,1
115671519,112125663,2
115671519,290179649,2
115671519,4847901676,3
115671519,883016728426536960,1
1157585948672217088,112125663,4
1157585948672217088,26966080,1
1157585948672217088,290179649,1
1157585948672217088,419532697,3
1157585948672217088,768042090,1
1157585948672217088,883016728426536960,2
1157765119595679745,112125663,1
1157765119595679745,2393124608,4
1157765119595679745,290179649,3
1157765119595679745,291185646,1
1158182796642402304,3327887445,1
1158676085757927424,237670274,1
1159460769379078144,725052515256025089,1
1161397433001230336,290179649,1
1161614526862807045,290179649,1
1161614526862807045,3327887445,1
1163002763040690177,419532697,1
1163856936,290179649,2
1163856936,883016728426536960,3
116497291,290179649,1
116542547,419532697,1
1165625668023005184,237670274,1
1165625668023005184,290179649,1
116565019,419532697,1
1165690094461882368,112125663,1
1165690094461882368,1244224874907869185,1
1165690094461882368,290179649,1
1165690094461882368,291185646,1
1165690094461882368,419532697,1
1165696931114442753,112125663,1
1165696931114442753,237670274,1
1165696931114442753,290179649,4
1165696931114442753,419532697,1
1166314853683859457,112125663,2
1166314853683859457,290179649,2
1166832792,237670274,1
1167603074,171031365,1
1167603074,3327887445,1
1167822965725175808,290179649,3
1167822965725175808,419532697,1
1170284934231146496,112125663,2
1170284934231146496,883016728426536960,1
1172130442650296326,290179649,1
1172130442650296326,419532697,2
1172996251606011904,237670274,1
1173389727376052227,290179649,2
1173389727376052227,3327887445,1
1175100922382274562,1189329203205947392,1
1175100922382274562,290179649,2
1175100922382274562,291185646,1
1175129866250809344,1165690094461882368,1
1176025909742190592,112125663,1
1176025909742190592,237670274,1
1176025909742190592,290179649,1
1176025909742190592,419532697,1
117815023,262358534,1
1178152722,237670274,1
1179895756284715008,112125663,5
1179895756284715008,290179649,11
1179895756284715008,291185646,1
1179895756284715008,2957406928,1
1179895756284715008,419532697,4
1180134403298734080,1241798246441332737,1
1180134403298734080,2195550221,5
1181363266473381893,290179649,1
1181495209227689984,2195550221,1
1182144361309585408,290179649,1
1182569704684175360,2195550221,2
1184204022091276288,112125663,2
1184204022091276288,290179649,2
1184204022091276288,291185646,2
1184204022091276288,726731137448550400,1
1185086280901812224,237670274,2
1186378742526042114,1242948664110321664,1
1186378742526042114,14132591,1
1186378742526042114,290179649,3
1186378742526042114,419532697,1
1186755627588210696,1032242932600987653,1
1186755627588210696,1114612239565303808,1
1186755627588210696,112125663,3
1186755627588210696,112400302,1
1186755627588210696,115671519,2
1186755627588210696,26966080,2
1186755627588210696,290179649,4
1186755627588210696,291185646,1
1186755627588210696,301705809,1
1186755627588210696,3327887445,5
1186755627588210696,419532697,4
1186755627588210696,47722415,3
1186755627588210696,4847901676,3
1186755627588210696,527018132,2
1186755627588210696,610289328,1
1186755627588210696,725052515256025089,1
1186755627588210696,883016728426536960,7
1186755627588210696,939010904,2
1187073235,237670274,1
1187073235,290179649,1
118883453,112125663,1
1188973657,112125663,2
1188973657,290179649,6
1188973657,419532697,5
1189329203205947392,291185646,1
1189329203205947392,725757744255516672,1
118989721,290179649,1
1191115959228076038,1179895756284715008,1
1194447443959668736,290179649,1
1196084781244653571,290179649,1
1196084781244653571,883016728426536960,1
1196114063438368768,237670274,1
1196114063438368768,290179649,1
1197423263716167681,112125663,5
1197423263716167681,290179649,16
1197423263716167681,291185646,1
1197423263716167681,419532697,4
1197425001424736256,1165696931114442753,1
1197425001424736256,290179649,1
1198976381964705793,112125663,2
1198976381964705793,282168818,1
1198976381964705793,290179649,1
1198976381964705793,419532697,1
1198976381964705793,770032045,1
1199189118628093954,291185646,1
120215480,1014105365280186368,1
120215480,1040706537185005569,1
120215480,106232172,1
120215480,108352544,1
120215480,112400302,1
120215480,1165696931114442753,1
120215480,1166832792,1
120215480,1172130442650296326,1
120215480,1185526325962051590,1
120215480,1229696791,1
120215480,1233865187167436802,1
120215480,1240818816273321988,1
120215480,1242948664110321664,1
120215480,1247968293610291202,1
120215480,129301584,1
120215480,14132591,1
120215480,145437352,1
120215480,152945745,1
120215480,17271175,1
120215480,2223505226,1
120215480,2349057839,1
120215480,2359994653,1
120215480,249407420,1
120215480,25270513,1
120215480,26483825,1
120215480,26966080,1
120215480,2708805151,1
120215480,2782696523,1
120215480,28118518,1
120215480,290179649,2
120215480,291185646,4
120215480,312911025,1
120215480,317772886,1
120215480,3245490040,1
120215480,3331805955,1
120215480,41608459,1
120215480,419532697,2
120215480,426180302,1
120215480,462997201,1
120215480,47391671,1
120215480,4827436714,1
120215480,544208549,1
120215480,551741950,1
120215480,5529282,1
120215480,70225397,1
120215480,715886318836953088,1
120215480,730730482615365633,2
120215480,769880555781550081,1
120215480,78588073,1
120215480,794284128686534656,1
120215480,801423909639876608,1
120215480,849658734179692547,1
120215480,987667321815752704,1
1202869336752439296,291185646,1
1203450485581238273,290179649,2
1204353385555738625,290179649,1
120927747,237670274,1
120927747,290179649,1
1209846481,2195550221,1
1211703130003427328,112125663,2
1211703130003427328,290179649,16
1211703130003427328,291185646,1
1211703130003427328,3408425085,1
1211703130003427328,419532697,2
1212406142204137473,419532697,1
1214507689537146880,112125663,1
1214507689537146880,282168818,1
1214507689537146880,3327887445,4
1214507689537146880,883016728426536960,2
1214887924115873794,112125663,1
1214887924115873794,1137161258,1
1214887924115873794,290179649,1
1214887924115873794,337071233,1
1214887924115873794,419532697,4
1214887924115873794,715886318836953088,1
1215030213282799618,291185646,1
1215653310,237670274,1
1215679497258897411,237670274,1
1216703755531497472,2195550221,3
1219460906,290179649,1
1220010762242068483,1137161258,1
1220010762242068483,1244224874907869185,8
1220010762242068483,17220817,8
1220010762242068483,19701628,8
1220010762242068483,237670274,8
1220022363154210816,112125663,6
1220022363154210816,290179649,6
1220022363154210816,419532697,3
1220292750001700864,14132591,1
1220292750001700864,16717978,1
1220292750001700864,186400826,1
1220292750001700864,290179649,3
1220292750001700864,419532697,1
1220292750001700864,477680081,1
1220292750001700864,742934683,1
1221216901566795777,290179649,1
1221848915999363075,290179649,1
122440382,282168818,1
1225510648521674752,291185646,1
1228015135404576769,19844987,1
1228015135404576769,237670274,1
1228036236142661632,883016728426536960,1
1229113654160875520,112125663,1
1229113654160875520,290179649,1
1229113654160875520,291185646,1
1229113654160875520,419532697,2
1229113654160875520,883016728426536960,2
1229696791,112125663,1
1229696791,2195550221,1
1229696791,290179649,1
1229696791,291185646,1
1229696791,419532697,1
1230232500133416961,354188080,1
123287171,290179649,3
123287171,858212603834888192,1
1233140941814423552,290179649,1
1233865187167436802,112125663,1
1233865187167436802,419532697,1
1235695999693225984,112125663,1
1235695999693225984,237670274,1
1235695999693225984,290179649,1
1235695999693225984,419532697,1
1235912442661818371,290179649,2
1241352628140941314,290179649,1
1241433563565883396,112125663,1
1241433563565883396,290179649,1
1241438455743369219,1014105365280186368,1
1241438455743369219,112400302,1
1241438455743369219,290179649,2
1241453209396396033,290179649,3
1241453209396396033,419532697,1
1241453209396396033,68061131,1
1241465570941440001,112125663,1
1241465570941440001,120215480,1
1241465570941440001,2782696523,1
1241465570941440001,290179649,1
1241465570941440001,291185646,2
1241465570941440001,3153259698,1
1241465570941440001,885061631306346499,1
1241733305499824129,14132591,1
1241743144166842368,1283985709,1
1242940590238699520,112125663,2
1242940590238699520,290179649,7
1242940590238699520,419532697,5
1243104176315478016,112125663,10
1243104176315478016,112400302,7
1243104176315478016,1163002763040690177,1
1243104176315478016,290179649,9
1243104176315478016,291185646,4
1243104176315478016,381492307,1
1243104176315478016,419532697,7
1243104176315478016,883016728426536960,1
1243168632399630339,237670274,1
1243168632399630339,290179649,1
1243183776798294017,112125663,2
1243183776798294017,290179649,2
1243183776798294017,291185646,1
1243183776798294017,419532697,2
1243255229405151232,290179649,4
1243255229405151232,419532697,1
1244037766188601345,237670274,1
1244037766188601345,290179649,1
1244492996470439936,112125663,1
1244561223586328576,290179649,1
1244566034205589506,2195550221,8
1244566034205589506,290179649,1
1244566034205589506,419532697,1
1244659104183914497,252635217,1
1244697124710875136,290179649,1
1245035264445161481,1216154687633752065,1
1245035264445161481,291185646,1
1245035264445161481,858212603834888192,1
1245047917674725376,290179649,1
1245803299154153472,112125663,1
1245803299154153472,2188843680,1
12465962,112125663,4
12465962,112400302,1
12465962,1283985709,1
12465962,14322567,3
12465962,17271175,1
12465962,2822507014,1
12465962,282740346,1
12465962,290179649,15
12465962,291185646,4
12465962,298998420,2
12465962,3327887445,2
12465962,419532697,1
12465962,51481233,1
12465962,725052515256025089,1
12465962,883016728426536960,3
12465962,939010904,1
1246760496189095936,290179649,2
1247253554487836673,112125663,1
1247253554487836673,14132591,1
1247253554487836673,237670274,1
1247253554487836673,290179649,4
1247614868255105026,282168818,1
1247614868255105026,291185646,2
1247614868255105026,3266268066,1
1247968293610291202,290179649,1
1247968293610291202,419532697,1
1248292914767298565,2195550221,1
1250009943635300353,112125663,3
1250009943635300353,419532697,2
1250171299168686080,237670274,1
1251141938083840006,290179649,3
1251141938083840006,375426436,1
1251482894964592642,112125663,10
1251482894964592642,1251482894964592642,1
1251482894964592642,14132591,1
1251482894964592642,237670274,1
1251482894964592642,290179649,37
1251482894964592642,291185646,4
1251482894964592642,419532697,15
1251482894964592642,845984788569870336,1
1251643555325468672,883016728426536960,1
1251657551474802690,112125663,2
1251657551474802690,112400302,1
1251657551474802690,290179649,2
1251829627464679426,237670274,1
1251829627464679426,290179649,1
1251910289064329220,112125663,1
1251910289064329220,25708231,1
1251916771776438272,291185646,1
1251916771776438272,766487227,1
1251935394733711362,237670274,1
1251935711642767362,112125663,1
1251935711642767362,290179649,1
1252709237714755586,16717978,2
1252709237714755586,290179649,5
1252988720,1203450485581238273,1
1253336017534193664,1218596352965263360,1
1253336017534193664,237670274,1
1253336017534193664,2998200620,1
1253336017534193664,355989081,1
1253336017534193664,438156528,1
1254164994,290179649,1
1254278150671851521,290179649,1
1255521966901137409,137164031,1
1255521966901137409,290179649,2
1255521966901137409,794284128686534656,1
1255817168303927302,376066178,1
1255817168303927302,88371136,1
1255887207765868546,237670274,1
1255907421253447680,290179649,2
1255909107783077888,290179649,1
126051369,112125663,4
126051369,112400302,1
126051369,1216154687633752065,1
126051369,1283985709,1
126051369,237670274,1
126051369,290179649,7
126051369,3327887445,2
126051369,390107558,1
126051369,419532697,2
126051369,883016728426536960,4
126370949,291185646,1
1265474467,237670274,1
1276163766,419532697,1
1276163766,883016728426536960,1
1278301146,290179649,1
128594652,1251910289064329220,1
128594652,1421035856,1
128594652,17563137,1
128594652,2163355430,1
128594652,290179649,1
128594652,291185646,2
128594652,298998420,1
128594652,3131146787,1
128594652,3327887445,1
128594652,771890994,1
1289678160,291185646,1
1290308276,112125663,1
129150317,112125663,1
1292887693,112125663,2
1292887693,112400302,1
1292887693,290179649,3
1292887693,883016728426536960,1
129301584,290179649,1
1295911188,112125663,17
1295911188,112400302,8
1295911188,1711152834,4
1295911188,208685394,1
1295911188,2195550221,1
1295911188,282168818,1
1295911188,290179649,57
1295911188,291185646,8
1295911188,419532697,27
1295911188,44183483,4
1295911188,939010904,5
1296159786,112125663,1
1296159786,290179649,2
1296159786,291185646,1
1296159786,419532697,1
1297087944,1241307294148825093,1
1297087944,1242948664110321664,1
1297087944,224589396,1
129757603,112125663,2
1314257071,112125663,1
1314257071,419532697,2
1316268559,291185646,1
131674767,112125663,1
13215,112125663,1
132162868,2393124608,1
132162868,291185646,1
1328997662,237670274,1
1328997662,290179649,1
1332788412,282168818,1
1332788412,290179649,2
1332788412,3327887445,1
1332788412,883016728426536960,2
1334440154,1163002763040690177,1
1334440154,290179649,1
1334512525,1095843643980685312,1
1334512525,419532697,1
13346712,290179649,1
13346712,74835605,1
1334707548,112125663,2
1334707548,290179649,16
1334707548,291185646,1
1334707548,419532697,2
133736613,290179649,2
133736613,291185646,1
1337477952,112125663,1
1337477952,1216154687633752065,1
1337477952,129301584,1
1337477952,1630805862,1
1337477952,24750760,1
1337477952,282740346,1
1337477952,290179649,5
1337477952,419532697,1
1337477952,47722415,1
1337477952,730730482615365633,1
1337477952,87458675,3
1337477952,883016728426536960,1
135380106,14132591,1
135380106,186400826,1
135380106,419532697,1
135380106,477680081,1
135380106,742934683,1
1360212541,290179649,1
1360212541,998280997484589057,1
1361651983,112125663,1
137164031,290179649,1
1376984910,290179649,2
138575854,19701628,1
138575854,237670274,1
139885419,112125663,1
139885419,290179649,1
139885419,291185646,1
139885419,381492307,1
139885419,419532697,3
140010973,17688634,1
140010973,19436588,1
140010973,290179649,10
14093986,112125663,1
14093986,36008477,1
14096171,112125663,2
14096171,112400302,1
14096171,290179649,5
14096171,291185646,1
14096171,419532697,2
140974400,290179649,1
14121701,290179649,1
14132591,419532697,1
14149608,237670274,1
14149608,290179649,1
14149676,290179649,1
14175516,14132591,1
14175516,290179649,2
1421035856,290179649,1
1421035856,883016728426536960,4
142606856,171031365,1
142606856,2195550221,2
142606856,290179649,1
142606856,419532697,1
142606856,47722415,2
142606856,715886318836953088,1
142606856,822180013340553216,1
1430138208,1240818816273321988,1
1430138208,2195550221,7
1430138208,290179649,9
1430138208,419532697,3
1430138208,768042090,1
14322567,112125663,2
14322567,12465962,1
14322567,1283985709,1
14322567,186582233,1
14322567,290179649,3
14322567,883016728426536960,3
1433951160,175308384,2
1433951160,241214657,3
14352065,112125663,3
14352065,282168818,1
14352065,290179649,8
14352065,419532697,1
14352065,883016728426536960,1
14374139,237670274,1
14374139,290179649,1
1438652071,291185646,1
1440856735,106232172,1
1440856735,1165696931114442753,1
1440856735,282168818,1
1440856735,771890994,1
1440856735,883016728426536960,1
144112800,1012020753246621696,1
144112800,112125663,1
144112800,18393773,1
144112800,18912325,1
144112800,24343921,1
144112800,284410889,1
144112800,290179649,1
144112800,291185646,1
144112800,419532697,1
144450349,419532697,1
14456207,290179649,1
14456207,883016728426536960,1
1446839149,715886318836953088,1
1448024318,290179649,7
1448024318,291185646,4
1448024318,347841709,1
1448024318,399931157,4
1448024318,44183483,1
1448024318,47722415,5
14510496,14132591,1
145366168,1233865187167436802,1
1462121126,2195550221,3
1462121126,419532697,3
14628162,290179649,1
1462827842,290179649,3
14646359,237670274,1
146613268,112125663,1
146613268,290179649,1
146613268,291185646,2
146613268,419532697,1
146613268,858212603834888192,1
14672158,14322567,1
146817282,112125663,2
146817282,282168818,1
146817282,290179649,1
146817282,419532697,7
146817282,547729273,1
1468275918,883016728426536960,1
1470384162,237670274,1
1470384162,266264002,1
1470384162,290179649,1
1470384162,291185646,1
1470384162,547855479,1
1470384162,883016728426536960,1
14705882,18274314,1
14705882,290179649,3
147106775,883016728426536960,1
14731477,112125663,2
14731477,112400302,10
14731477,14132591,1
14731477,171031365,1
14731477,237670274,1
14731477,282168818,2
14731477,290179649,5
14731477,291185646,6
14731477,419532697,9
14731477,44183483,5
14731477,78588073,1
14731477,925348627987423233,1
1477074582,237670274,1
1483094221,290179649,1
1483094221,419532697,1
14942379,112125663,1
1504874539,282168818,1
15125243,237670274,1
15125243,290179649,1
15135793,290179649,1
151638943,112125663,1
151687090,4847901676,1
1528986829,290179649,1
152923429,1012020753246621696,2
152923429,112125663,1
152923429,144112800,1
152923429,18393773,1
152923429,18912325,1
152923429,284410889,1
152923429,290179649,1
152923429,291185646,1
152923429,419532697,1
1531632302,290179649,2
15358525,112125663,3
15358525,290179649,1
15358525,291185646,1
15358525,47722415,1
1548250208,112125663,11
1548250208,112400302,3
1548250208,171031365,1
1548250208,2195550221,1
1548250208,237670274,1
1548250208,2393124608,2
1548250208,282168818,1
1548250208,290179649,15
1548250208,291185646,8
1548250208,324012338,2
1548250208,419532697,12
1548250208,715886318836953088,1
1548250208,736262797,1
1548250208,883016728426536960,3
155651317,290179649,2
156067532,145437352,1
156067532,18311010,1
156067532,237670274,1
156067532,290179649,1
156067532,291185646,1
156067532,730730482615365633,1
1568980915,1251910289064329220,1
1568980915,883016728426536960,1
15716847,290179649,1
157301505,290179649,4
15740227,282168818,1
15787206,237670274,1
1579917871,112125663,1
1579917871,112400302,1
1579917871,291185646,1
1579917871,338973015,1
1579917871,391542531,1
1579917871,419532697,1
158563730,112125663,1
158742685,1242011503273836544,1
158742685,272497911,1
158742685,290179649,1
158742685,419532697,1
1603131234,290179649,2
1603131234,291185646,2
1606264992,419532697,1
161351097,1012020753246621696,1
161351097,112125663,1
161351097,144112800,1
161351097,18393773,1
161351097,18912325,1
161351097,24343921,1
161351097,284410889,1
161351097,290179649,1
161351097,291185646,1
161351097,419532697,1
1614322304,291185646,1
16169861,19701628,1
16169861,237670274,1
16213811,112125663,1
16213811,237670274,2
16213811,290179649,3
16213811,54702045,1
16213811,883016728426536960,1
16213811,922152607157772292,1
16264968,21437037,1
162758694,290179649,2
162758694,939010904,1
16295154,112125663,1
16295154,112400302,1
16295154,290179649,1
162989921,17170147,1
162989921,17220817,1
162989921,17887248,1
162989921,237670274,1
162989921,243381107,1
162989921,282168818,1
162989921,419532697,1
162989921,82978967,1
162989921,885043367306031109,1
1630805862,112125663,5
1630805862,1216154687633752065,1
1630805862,1283985709,4
1630805862,14132591,1
1630805862,2195550221,1
1630805862,235205460,1
1630805862,26966080,2
1630805862,290179649,10
1630805862,3131146787,1
1630805862,3327887445,2
1630805862,395559982,1
1630805862,419532697,2
1630805862,768042090,2
1630805862,794284128686534656,3
1630805862,883016728426536960,3
1630805862,970705978130882560,1
1645855926,725757744255516672,1
1648633494,1244224874907869185,1
1648633494,25270513,1
1648633494,291185646,1
1649001163,112125663,1
1649001163,14132591,1
1649001163,939010904,2
1651258831,237670274,1
1654321099,290179649,1
1663280066,1663280066,1
1663280066,290179649,1
1663280066,736268787545190400,1
1663335560,237670274,2
1663335560,290179649,2
16717978,1080594720215236609,2
16717978,1252709237714755586,1
16717978,16717978,5
16717978,18086313,1
16717978,226486318,1
16717978,290179649,8
16717978,291185646,1
167239233,290179649,1
167277656,112125663,8
167277656,290179649,18
167277656,291185646,1
167277656,419532697,5
16796622,282168818,1
16796622,291185646,1
16796622,3266268066,1
16796622,715886318836953088,1
1680718928,1163002763040690177,1
1680718928,3327887445,1
1680718928,883016728426536960,1
1683530196,282168818,2
168720555,318644398,1
1692259242,237670274,1
16943465,290179649,1
16953019,14132591,1
1700257932,112125663,1
1700257932,290179649,4
1700257932,419532697,1
1702599216,112125663,3
1702599216,291185646,1
1702599216,844514419686158336,1
1707815582,282168818,1
171031365,1014105365280186368,1
171031365,237670274,1
1711152834,290179649,3
171247313,290179649,1
17134880,290179649,1
1713554851,282168818,1
1715027599,282168818,1
171504121,1101943367011876864,1
171504121,1154066708405071872,1
171504121,282168818,1
171504121,291185646,1
171504121,3266268066,1
171504121,973308588843241473,1
17228506,112125663,1
17271175,290179649,1
1728708991,290179649,1
1728708991,4385862934,1
1735586773,60444464,1
174320992,112400302,2
174320992,290179649,1
174320992,419532697,1
175485029,112125663,1
17563137,290179649,1
17563137,391542531,1
17604371,237670274,1
17604371,290179649,1
176222147,237670274,1
176222147,290179649,3
176604711,290179649,1
17708389,112125663,1
179184466,291185646,1
17962878,290179649,1
17962878,291185646,1
18086313,112125663,1
18086313,112400302,1
18086313,290179649,1
18186544,112125663,1
18186544,237670274,1
18186544,290179649,1
18186544,291185646,1
18186544,419532697,1
18227785,291185646,1
18274314,114686660,1
18274314,290179649,3
18295347,112125663,1
18295347,165536228,1
18295347,290179649,2
18295347,291185646,1
18295347,419532697,1
18295347,781337756773519360,1
18311010,112125663,3
18311010,112400302,1
18311010,1203731845806002177,1
18311010,1283985709,1
18311010,13346712,1
18311010,171031365,1
18311010,208685394,1
18311010,290179649,14
18311010,291185646,3
18311010,323478107,1
18311010,419532697,4
18311010,47722415,5
18311010,543416511,1
18311010,718139255021838337,1
18311010,725757744255516672,1
18311010,883016728426536960,2
18311010,885061631306346499,1
183367082,112125663,1
18362038,237670274,1
1857184178,883016728426536960,1
186582233,1014105365280186368,1
186582233,112125663,4
186582233,112400302,3
186582233,114686660,1
186582233,1283985709,1
186582233,14132591,1
186582233,19614615,1
186582233,26966080,1
186582233,290179649,34
186582233,291185646,2
186582233,3327887445,2
186582233,381492307,2
186582233,406296344,1
186582233,419532697,6
186582233,47722415,1
186582233,74835605,1
186582233,883016728426536960,7
186582233,885061631306346499,2
186582233,943563248393211905,1
186582233,970705978130882560,1
18748594,18748594,1
18748594,241252878,2
18748594,282168818,2
18748594,302666251,2
18748594,3096609471,2
18748594,325757967,2
18831699,112125663,1
18831699,290179649,3
18831699,291185646,1
18831699,419532697,2
18831699,47722415,1
18851704,290179649,1
188527034,1241798246441332737,1
188527034,290179649,1
1895565487,237670274,1
1895565487,290179649,1
18974999,290179649,1
18974999,419532697,3
190005165,237670274,1
190005165,290179649,1
190097691,290179649,1
19067322,112125663,1
19067322,290179649,1
19104894,112125663,1
191166570,112125663,2
191166570,165536228,1
191166570,290179649,1
191166570,291185646,2
191166570,419532697,1
1922618340,112125663,1
1922618340,1242948664110321664,1
1922618340,290179649,1
1922618340,291185646,2
1922618340,419532697,1
192300609,112125663,2
192300609,290179649,1
19250085,885061631306346499,1
1934329326,883016728426536960,1
1935454333,1012020753246621696,1
1935454333,1026161281127116800,1
1935454333,1069673492411531265,1
1935454333,112125663,13
1935454333,1337477952,1
1935454333,237670274,1
1935454333,25270513,3
1935454333,282168818,3
1935454333,290179649,19
1935454333,291185646,6
1935454333,3266268066,1
1935454333,354188080,1
1935454333,41608459,1
1935454333,419532697,7
1935454333,44183483,2
1935454333,500052210,1
1935454333,53437810,2
1935454333,831440594,1
1935454333,883016728426536960,1
1935454333,918043589371973632,1
1935454333,939010904,1
1935454333,953808314,1
19415356,282168818,1
19444918,290179649,3
19446468,851092641588670464,1
19469020,112125663,1
19511200,112125663,1
19511200,290179649,4
19511889,282168818,1
195170136,112125663,2
195170136,1137161258,1
195170136,290179649,1
195170136,291185646,5
195170136,419532697,2
195170136,822180013340553216,6
195170136,939010904,2
19531841,291185646,1
195323674,237670274,1
195323674,290179649,1
195754651,290179649,1
19648469,112125663,1
19648469,290179649,1
197853971,290179649,1
19814176,237670274,1
19830550,147175646,1
19830550,168720555,1
19830550,291185646,1
19830550,318644398,1
19830550,858212603834888192,1
19863566,112125663,1
19863566,112400302,1
19863566,290179649,11
19913685,112400302,1
19913685,290179649,1
19948096,1242948664110321664,1
19948096,74835605,1
19982306,290179649,2
19987003,290179649,1
19999450,237670274,1
200041500,112125663,1
20128208,21098482,1
20161019,237670274,1
20161019,290179649,1
202552250,1241798246441332737,1
202552250,282168818,1
20341446,112125663,1
20341446,24750760,1
205401100,290179649,1
20623391,290179649,1
20651207,290179649,1
20651207,391542531,1
20671394,112125663,1
20678941,1114535751277076480,1
20718832,290179649,2
20749615,282168818,1
20749615,291185646,1
20749615,3266268066,1
207497590,237670274,1
207497590,282168818,1
207497590,883016728426536960,1
208685394,290179649,1
20882042,608461187,1
20922870,1095843643980685312,1
20922870,112125663,1
20922870,1203450485581238273,1
20922870,1568980915,1
20922870,1614322304,1
20922870,171031365,1
20922870,18274314,1
20922870,267942215,1
20922870,290179649,8
20922870,291185646,3
20922870,41608459,1
20922870,419532697,1
20922870,551741950,1
21001744,112125663,1
21001744,1163002763040690177,1
21001744,290179649,2
21001744,883016728426536960,1
210814121,291185646,1
210875538,237670274,1
210875538,290179649,1
21200697,112125663,2
21200697,112400302,1
21200697,282168818,1
21200697,290179649,2
21200697,419532697,2
21200697,883016728426536960,1
21200697,939010904,1
21381406,282168818,1
21385592,112125663,2
21385592,290179649,6
21385592,291185646,2
21385592,419532697,1
21385592,766003365780348928,4
21389716,112125663,1
21424846,112125663,1
2158504152,237670274,1
2165081132,290179649,1
2165081132,291185646,2
2173925681,291185646,1
21803375,290179649,5
22017875,290179649,1
2202948054,237670274,1
2202948054,3313860483,1
22038852,290179649,1
2208023575,290179649,1
2208023575,419532697,1
2208161496,237670274,1
22086316,112125663,1
2211160426,237670274,1
2211180252,112125663,2
2211180252,14132591,1
2211180252,419532697,1
2214695714,112125663,1
2214695714,237670274,1
2214695714,290179649,1
2214695714,419532697,1
221794396,237670274,1
221794396,290179649,1
222588640,112125663,2
222588640,142764597,1
222588640,3084990462,1
2226861446,290179649,1
22362416,112125663,2
22362416,23577049,1
22362416,291185646,2
22362416,419532697,1
22362416,47169767,1
22362416,730730482615365633,1
22362416,885061631306346499,1
2238248001,112125663,1
2238248001,1137161258,1
2238248001,290179649,4
2238248001,291185646,1
2238248001,419532697,5
2244164731,237670274,1
2244164731,704125542816194560,1
22480091,290179649,2
22480091,291185646,2
2269639281,282168818,1
2269639281,3327887445,2
2269891668,290179649,3
2269891668,419532697,1
227662938,290179649,1
2280041,112125663,13
2280041,14132591,1
2280041,282168818,1
2280041,290179649,29
2280041,291185646,5
2280041,3266268066,1
2280041,419532697,1
2284117116,290179649,3
2285471138,112125663,1
2285471138,290179649,4
2285471138,291185646,1
2285471138,883016728426536960,3
229591099,290179649,1
229591099,883016728426536960,1
229664970,2195550221,3
22996614,112125663,1
22996614,237670274,1
22996614,290179649,7
22996614,291185646,2
22996614,419532697,1
2304197888,1241307294148825093,1
2304197888,1242948664110321664,1
2304197888,224589396,1
2308809650,282168818,1
2310981280,290179649,1
2317864464,237670274,1
2317864464,290179649,1
2321509464,290179649,1
2321509464,883016728426536960,6
23255141,419532697,1
2339215729,1254164994,1
2339215729,290179649,1
2340729830,290179649,1
2340729830,419532697,2
234338252,112125663,2
234338252,112400302,3
234338252,114686660,1
234338252,1240818816273321988,1
234338252,26966080,1
234338252,290179649,20
234338252,291185646,4
234338252,3327887445,2
234338252,398041988,1
234338252,419532697,1
234338252,44183483,1
234338252,47722415,1
234338252,726731137448550400,1
234338252,730730482615365633,1
234338252,883016728426536960,3
23480676,291185646,1
235194040,112125663,1
235194040,112400302,1
235194040,1241433581307613185,1
235194040,290179649,3
235194040,3327887445,1
235194040,883016728426536960,1
235205460,112125663,1
2353799220,290179649,1
2353799220,419532697,1
2353905312,290179649,1
2356438316,108352544,1
2356438316,1244561223586328576,1
2356438316,20718832,1
2356438316,237670274,2
2356438316,247917032,1
2356438316,290179649,2
2356438316,414145921,1
2356438316,941328067,1
2356438316,943563248393211905,1
23577049,290179649,4
23579821,290179649,1
2359994653,1243104176315478016,1
2359994653,1283985709,1
2359994653,500052210,1
23604785,112125663,1
2366042504,112125663,9
2366042504,290179649,11
2366042504,419532697,9
2366042504,930171289,1
23751066,112125663,1
23751066,112400302,1
23751066,290179649,17
23751066,883016728426536960,5
237670274,112125663,1
237670274,290179649,1
237670274,419532697,1
23781604,291185646,1
23781604,883016728426536960,1
23781604,939010904,1
237824238,254713258,1
2380209681,291185646,1
23826028,419532697,1
2393124608,112125663,4
2393124608,290179649,17
2393124608,419532697,3
239452221,237670274,1
239452221,2476265555,1
240364833,1080594720215236609,1
240364833,112125663,9
240364833,112400302,4
240364833,16717978,2
240364833,237670274,1
240364833,290179649,18
240364833,291185646,1
240364833,419532697,1
240364833,44183483,2
240364833,883016728426536960,5
2407877071,290179649,2
2407877071,291185646,1
241214657,1433951160,5
241214657,290179649,2
241214657,987783080193810432,1
242838469,290179649,2
242838469,419532697,3
2452799388,883016728426536960,2
245325863,291185646,1
245502703,237670274,1
2463080992,290179649,1
2463080992,291185646,1
2463080992,419532697,2
2463080992,883016728426536960,3
2469511315,290179649,1
24750760,290179649,1
2475384553,112125663,2
2475384553,290179649,5
2475384553,291185646,2
2475384553,419532697,2
247822589,74835605,1
2478734012,290179649,2
247880832,290179649,1
248153551,1084838565073379332,1
248153551,1149769979975426048,1
248153551,267942215,1
248153551,29240190,2
248153551,419532697,1
248153551,824037584,1
248153551,849658734179692547,1
248153551,953808314,1
248153551,999614950019682304,1
248682771,114686660,1
2493265086,291185646,1
2493265086,74835605,1
249932954,1137161258,1
249932954,81706876,1
250433871,725052515256025089,1
2510042986,237670274,1
2510042986,290179649,1
2510042986,291185646,1
252635217,883016728426536960,2
2527657784,112125663,1
2527657784,290179649,3
2527657784,419532697,3
2534670079,14132591,1
2534670079,186400826,1
2534670079,419532697,1
2534670079,477680081,1
2534670079,742934683,1
253514694,290179649,1
25396810,13215,1
254026829,290179649,1
25413350,112125663,3
25413350,419532697,1
254421250,1078964321315667969,1
254421250,290179649,1
2544315324,19614615,1
2544315324,21576199,1
2544315324,290179649,2
2544315324,337071233,1
2544315324,419532697,1
254713258,112125663,1
254713258,290179649,1
254713258,291185646,1
25518617,2723156275,1
2568043544,290179649,1
2568043544,883016728426536960,1
25708231,112125663,3
25708231,1137161258,1
25708231,290179649,8
25708231,419532697,5
25720048,112125663,1
25720048,17793580,1
25720048,2173925681,1
25720048,231183280,1
25720048,290179649,1
25720048,291185646,1
25720048,419532697,1
25726884,112125663,1
25770236,112125663,6
25770236,290179649,9
25770236,291185646,1
25770236,419532697,5
258479394,398041988,1
2588912544,290179649,5
2588912544,4653181881,1
2602962967,112125663,1
2602962967,112400302,1
2602962967,290179649,5
2602962967,291185646,1
2602962967,419532697,2
260612093,14132591,1
2612081967,290179649,1
2612081967,943563248393211905,1
263880791,112125663,1
263880791,2223505226,1
263880791,290179649,6
2656925663,291185646,1
267852012,282168818,1
267942215,290179649,1
2680465256,290179649,2
26966080,419532697,1
269881336,276177748,1
269881336,290179649,1
2708805151,112125663,2
2708805151,112400302,1
2708805151,147175646,2
2708805151,168720555,1
2708805151,171031365,1
2708805151,282168818,1
2708805151,290179649,4
2708805151,291185646,7
2708805151,318644398,1
2708805151,3266268066,1
2708805151,419532697,2
2708805151,715886318836953088,1
2708805151,858212603834888192,1
2708805151,939010904,1
2711460621,290179649,1
2711460621,419532697,1
271383885,112125663,2
271383885,291185646,1
271383885,419532697,2
271383885,957245585161154560,1
2719198484,354188080,1
272185609,112125663,1
272185609,419532697,1
2723156275,290179649,3
272497911,290179649,1
272943041,290179649,4
272943041,419532697,1
273657605,242838469,1
273661014,10228272,1
273661014,112125663,1
273661014,112400302,1
273661014,22479281,1
273661014,263055971,1
273661014,486755798,1
2737986153,290179649,1
2737986153,419532697,1
27403325,237670274,1
2744546103,1283985709,1
2744546103,291185646,1
2744546103,883016728426536960,2
2746490895,290179649,1
2748361833,237670274,1
2748361833,290179649,1
2757989710,237670274,1
2757989710,290179649,1
276021978,112125663,2
276021978,290179649,10
276021978,419532697,1
27613753,112125663,1
276177748,112125663,22
276177748,269881336,1
276177748,282168818,3
276177748,290179649,47
276177748,291185646,2
276177748,419532697,24
276177748,939010904,1
2768680982,237670274,1
2768680982,3313860483,1
27720640,14132591,1
2776241723,112125663,2
2776241723,186582233,1
2776241723,290179649,1
2776241723,291185646,1
2776241723,53437810,1
2785259025,885145239492714496,1
2791424236,237670274,1
2791424236,290179649,1
2792451851,290179649,2
2792451851,419532697,1
279632506,291185646,1
28118518,883016728426536960,1
282168818,1068644471078903809,1
282168818,112125663,1
282168818,1244561223586328576,1
282168818,290179649,1
282168818,419532697,1
282168818,759663092905152512,1
282168818,831440594,1
282168818,925348627987423233,1
2822247806,237670274,1
2822507014,112125663,1
2822507014,290179649,1
2822507014,419532697,1
2830003362,290179649,1
283720890,112125663,2
283720890,290179649,2
283720890,419532697,1
283720890,500052210,1
28401840,290179649,1
284471145,2195550221,1
284471145,290179649,1
2845033329,726731137448550400,1
284855136,282168818,1
2858785581,290179649,2
2858785581,291185646,1
2858785581,419532697,1
2863633107,883016728426536960,1
2877029784,291185646,1
2877875139,167277656,1
2877875139,290179649,1
2882074522,290179649,7
2887457283,237670274,1
2887457283,290179649,1
290179649,1012020753246621696,1
290179649,112125663,1
290179649,144112800,1
290179649,18393773,1
290179649,18912325,1
290179649,208685394,1
290179649,237670274,1
290179649,24343921,1
290179649,284410889,1
290179649,290179649,2
290179649,291185646,2
290179649,419532697,1
291185646,112125663,2
291185646,14132591,1
291185646,147175646,1
291185646,290179649,3
291185646,291185646,1
291185646,419532697,1
2915869096,2393124608,1
2915869096,291185646,1
2919097265,290179649,2
2919097265,291185646,1
2919097265,3327887445,1
2919097265,419532697,1
2919097265,939010904,1
29240190,112125663,2
29240190,112400302,1
29240190,24750760,1
29240190,290179649,6
293124904,112125663,1
293124904,290179649,3
293514531,290179649,1
293514531,419532697,1
293722564,26966080,1
2945234620,999614950019682304,1
29470630,291185646,1
2975588554,237670274,1
2980103915,1113855736281481217,1
2980103915,290179649,3
2980103915,3084990462,1
2980103915,883016728426536960,1
298741679,14132591,1
298741679,186400826,1
298741679,419532697,1
298741679,477680081,1
298741679,742934683,1
298998420,291185646,1
298998420,419532697,1
298998420,6943022,1
2991383716,17688634,1
2991383716,608461187,1
3001107588,112125663,2
3001107588,237670274,1
3001107588,242838469,1
3001107588,290179649,4
3001107588,291185646,1
3001107588,419532697,1
3001107588,919686119222104065,1
3001695286,112125663,1
3001695286,1137161258,1
3001695286,282168818,2
3001695286,290179649,1
3001695286,419532697,1
3003807855,291185646,1
3003807855,3327887445,2
3003807855,883016728426536960,3
3018399639,237670274,1
3018399639,290179649,1
3018955863,237670274,1
3018955863,290179649,1
3021708472,419532697,1
3021708472,794284128686534656,1
302221890,112125663,1
302221890,234338252,1
302221890,419532697,1
3024447678,282168818,1
3046250555,237670274,1
30537953,290179649,1
305748016,2195550221,1
305758694,1283985709,1
30636901,112125663,1
3064557081,237670274,1
3064557081,282168818,1
3064557081,290179649,1
3064557081,291185646,1
3064557081,3266268066,1
30647328,112125663,1
3072307313,290179649,1
307415981,883016728426536960,1
3076111561,112125663,2
3076111561,1242948664110321664,1
3076111561,126051369,1
3076111561,1922618340,1
3076111561,290179649,5
3076111561,291185646,1
3076111561,3327887445,1
3076111561,883016728426536960,2
308598027,290179649,1
3095487593,237670274,1
3100692471,112125663,1
3107173772,290179649,1
31124199,291185646,1
311648445,725052515256025089,1
31202486,290179649,1
3124203286,290179649,1
3124203286,291185646,1
3125423645,237670274,1
3125423645,290179649,1
312911025,1247614868255105026,1
312911025,317772886,1
3131146787,1026161281127116800,1
3131146787,282168818,2
3131146787,725757744255516672,1
3131146787,883016728426536960,2
3131146787,918043589371973632,1
314197566,290179649,2
314814979,14132591,1
3149165699,291185646,1
3149165699,883016728426536960,1
3153259698,112125663,1
3153259698,1630805862,1
3153259698,282168818,1
3153259698,290179649,2
3153259698,398041988,1
3153259698,419532697,1
3153259698,883016728426536960,3
3153259698,885061631306346499,1
316416406,112125663,1
316416406,2195550221,3
316416406,291185646,1
316416406,419532697,2
316416406,4653181881,1
3177106442,2957406928,1
317772886,1247614868255105026,1
318304950,290179649,2
318304950,419532697,1
318304950,939010904,1
318596249,419532697,1
3220516888,112125663,1
3220516888,237670274,1
3220516888,290179649,3
3220516888,419532697,1
3226893461,290179649,1
323418222,112125663,1
323418222,112400302,1
323418222,290179649,1
323418222,3327887445,1
323418222,883016728426536960,3
323418222,939010904,1
32343404,237670274,1
32343404,290179649,5
32389281,290179649,1
3239046899,883016728426536960,1
324012338,290179649,1
324012338,419532697,1
32414320,290179649,3
32414320,419532697,1
324363969,112125663,1
3245490040,112125663,1
3245490040,290179649,1
3245490040,419532697,1
3245490040,725757744255516672,1
3245490040,894568677089128448,1
32468938,112125663,1
32468938,290179649,1
32468938,291185646,1
32468938,4833802576,1
3246936694,14132591,1
324942721,112125663,1
324942721,1173389727376052227,1
324942721,237670274,1
324942721,290179649,1
325621960,112125663,1
325621960,1137161258,1
325621960,1242940590238699520,1
325621960,20922870,1
325621960,25708231,1
325621960,3076111561,1
325621960,41608459,1
325621960,47722415,1
325757967,18748594,1
325757967,241252878,1
325757967,282168818,1
325757967,302666251,1
325757967,3096609471,1
3266268066,25708231,1
3266268066,26966080,1
3266268066,282168818,1
3266268066,290179649,2
3266268066,419532697,1
32717261,282168818,1
3292778878,112400302,1
3292778878,290179649,1
3292778878,291185646,1
3292778878,822180013340553216,2
329533182,1163002763040690177,2
329533182,2195550221,2
329533182,290179649,1
329533182,883016728426536960,2
3295964647,112125663,1
3295964647,2195550221,5
3304578801,237670274,1
3308084534,282168818,1
3312071285,237670274,1
3312071285,290179649,1
3312071285,354188080,1
3312513027,112125663,1
3312513027,291185646,1
3316139152,237670274,1
3316139152,290179649,1
33236446,112125663,9
33236446,290179649,8
33236446,291185646,2
33236446,419532697,5
3327887445,16717978,1
3327887445,290179649,4
3327887445,3327887445,2
3331805955,1137161258,1
3331805955,147175646,1
3331805955,183158371,1
3331805955,19911928,1
3331805955,202364553,1
3331805955,210145163,1
3331805955,237670274,1
3331805955,290179649,4
3331805955,391542531,1
3331805955,542925608,1
3331805955,731479469681152000,1
3331805955,739307084,1
3331805955,780764717371437056,1
3331805955,939010904,1
3331805955,968170970,1
3331805955,970705978130882560,1
3333173253,112125663,1
335028489,4847901676,1
3350715784,290179649,1
335271346,237670274,1
335271346,290179649,1
3353908955,237670274,1
3353908955,290179649,1
3369786467,3327887445,2
3369923729,883016728426536960,1
3370387823,237670274,1
3370387823,290179649,1
337071233,112125663,2
337071233,1136343340109258756,1
337071233,114686660,3
337071233,290179649,7
337071233,291185646,1
337071233,337071233,1
337071233,419532697,3
337071233,75242462,1
33754996,1163002763040690177,1
338429436,290179649,3
338429436,3327887445,5
338429436,419532697,1
338429436,939010904,1
3398953415,291185646,1
34029191,112125663,1
34029191,2195550221,1
34029191,290179649,3
34029191,47722415,2
34029191,81706876,1
34029191,883016728426536960,2
340380499,112125663,1
340380499,237670274,2
340380499,290179649,2
340380499,419532697,1
340380499,44183483,1
3406015839,1190025859857571847,1
3406015839,237670274,1
3406015839,419532697,1
3408425085,112125663,4
3408425085,112400302,1
3408425085,240364833,11
3408425085,290179649,3
3408425085,291185646,3
3408425085,3260098811,1
3408425085,419532697,9
3415723371,883016728426536960,1
3418791,112125663,1
3418791,290179649,2
3418791,291185646,1
3418791,3418791,1
342059342,290179649,1
3420705395,1052284051682406401,1
3420705395,507787618,1
34286469,291185646,1
34286469,715886318836953088,1
3429792263,112125663,1
3429792263,38035237,1
347841709,112125663,1
347841709,290179649,1
348640487,291185646,1
34980359,112125663,4
34980359,237670274,2
34980359,282168818,4
34980359,290179649,18
34980359,291185646,1
34980359,419532697,5
34980359,925348627987423233,1
350496295,112125663,12
350496295,1137161258,1
350496295,1244224874907869185,12
350496295,282168818,12
350496295,290179649,12
35481087,419532697,1
356603656,237670274,2
359824931,282168818,1
35997832,282168818,1
35997832,291185646,1
35997832,3266268066,1
364441422,290179649,1
36498503,290179649,1
36498503,291185646,1
36632372,112125663,1
36632372,290179649,1
36632372,291185646,1
367188475,1014105365280186368,1
367776893,243381107,1
367776893,282168818,3
367776893,290179649,1
367776893,291185646,1
367776893,3266268066,1
367776893,419532697,1
367776893,47722415,1
367776893,883016728426536960,2
371153969,112125663,2
371153969,419532697,1
371300874,2195550221,1
371300874,419532697,1
374452951,14132591,1
3747619156,237670274,2
376066178,88371136,1
376096170,419532697,1
377279826,282168818,1
378866863,419532697,1
38035237,19987003,2
38035237,237670274,1
38035237,290179649,3
38035237,291185646,2
3818261897,112125663,1
3818261897,419532697,1
38219904,1240818816273321988,1
38219904,1283985709,9
38219904,1630805862,1
38583969,419532697,1
38583969,74835605,2
387680184,1244224874907869185,1
387680184,209004862,1
387680184,282168818,1
387680184,291185646,1
387680184,3266268066,1
388359763,237670274,1
390107558,290179649,5
3901970002,354188080,1
391542531,112125663,19
391542531,1203731845806002177,1
391542531,2602962967,1
391542531,290179649,51
391542531,291185646,8
391542531,378866863,1
391542531,391542531,2
391542531,419532697,17
391542531,47722415,1
391542531,704447129813700609,1
3955170161,171031365,1
395559982,112400302,1
395559982,21437037,1
395559982,290179649,1
395559982,291185646,1
395559982,398041988,1
395559982,47391671,1
395852064,112125663,1
3963752236,129301584,1
401151910,291185646,1
4037902997,237670274,1
40394910,237670274,1
4041332656,290179649,1
4055186613,3327887445,1
4057455377,112125663,1
4057455377,112400302,2
4057455377,1187465880369631233,1
4057455377,1233865187167436802,1
4057455377,290179649,6
40743634,290179649,1
4092259707,237670274,1
4092259707,780723487803441153,1
40929609,112125663,1
40929609,272185609,1
40929609,290179649,2
40929609,291185646,1
410160829,112125663,1
410160829,290179649,2
410934565,112125663,1
410934565,290179649,2
410934565,291185646,2
410934565,419532697,1
41109216,237670274,1
41109216,290179649,1
411935108,237670274,1
412559660,290179649,1
414145921,112125663,6
414145921,112400302,5
414145921,1137161258,1
414145921,1163002763040690177,2
414145921,1244224874907869185,1
414145921,237670274,1
414145921,2830003362,1
414145921,290179649,18
414145921,291185646,6
414145921,2957406928,1
414145921,419532697,6
414145921,4827436714,3
414145921,715886318836953088,1
414145921,74835605,3
414145921,822180013340553216,1
414145921,883016728426536960,1
414926798,112125663,1
414926798,290179649,1
414926798,883016728426536960,1
41822493,290179649,1
419049955,290179649,1
419532697,112125663,4
419532697,1142871151330430976,1
419532697,21887847,3
419532697,290179649,2
4221001114,419532697,1
42345343,291185646,1
42345343,883016728426536960,1
4234551916,290179649,1
4234551916,291185646,2
424508845,112125663,1
424508845,1203450485581238273,1
424508845,1212406013619363842,1
424508845,1251927983063027719,1
424508845,1630805862,1
424508845,276177748,1
424508845,2891052173,1
424508845,290179649,5
424508845,291185646,2
424508845,2980103915,1
424508845,419532697,6
424508845,759663092905152512,1
424508845,771104194635898880,2
424508845,829163538,1
424508845,833434653973438465,1
424508845,922152607157772292,1
424508845,939010904,1
424508845,981175093479948288,1
424524933,216299334,1
424524933,237670274,1
42507219,290179649,4
42507219,419532697,1
42659893,147175646,1
42659893,168720555,1
42659893,290179649,1
42659893,291185646,2
42659893,318644398,1
42659893,858212603834888192,2
428949742,14132591,1
428949742,290179649,14
428949742,75242462,1
4291004005,290179649,1
43176560,152945745,1
43176560,15358525,1
43176560,17975513,1
43176560,290179649,1
43176560,353226006,1
434428630,112125663,1
434428630,237670274,1
436793511,112125663,5
436793511,112400302,2
436793511,1242948664110321664,1
436793511,1244224874907869185,10
436793511,290179649,3
436793511,291185646,1
436793511,381492307,3
436793511,419532697,4
436793511,74835605,2
4385862934,290179649,1
4385862934,419532697,1
44183483,237670274,1
44183483,290179649,1
44698860,237670274,1
44717382,290179649,1
447450826,112125663,1
447450826,290179649,1
45006057,14132591,1
45006057,263055971,1
45006057,290179649,2
45099325,290179649,1
45099325,883016728426536960,1
452339935,112125663,1
452339935,1242948664110321664,1
452339935,290179649,1
452339935,486755798,1
457557989,237670274,1
46204376,291185646,1
462255067,290179649,8
462398392,291185646,1
4624032629,237670274,2
4624032629,290179649,1
462997201,2195550221,1
462997201,235205460,1
462997201,839495478,1
464804193,1096874856807829504,1
464804193,290179649,1
464804193,419532697,1
4653181881,290179649,1
4654249696,112125663,3
4654249696,290179649,7
4654249696,378866863,1
4654249696,391542531,1
4654249696,419532697,7
4654249696,47722415,1
465756305,291185646,1
465756305,419532697,1
466611432,112125663,2
466611432,419532697,2
46796869,290179649,8
46796869,291185646,1
46796869,419532697,1
46889491,291185646,1
46962454,1064328646557659142,1
46962454,112125663,2
46962454,237670274,2
46962454,290179649,2
46962454,419532697,2
47169767,290179649,3
47169767,419532697,1
47169767,47391671,1
47169767,885061631306346499,1
47304425,237670274,1
47304425,290179649,3
47304425,291185646,1
47321169,1016001044,1
47321169,419532697,2
473591884,282168818,1
4779040697,15787206,1
4779040697,237670274,7
4779040697,245502703,1
4779040697,3046250555,1
4779040697,312191671,1
4779040697,44652167,1
4779040697,54982728,1
4779040697,729415662,1
4779040697,944280267216302080,1
478159235,112125663,1
478159235,282168818,1
478216778,291185646,1
4797429256,3327887445,2
4827436714,3327887445,1
482773070,939010904,1
483868233,291185646,1
4845434181,14132591,1
4847901676,115671519,2
4847901676,1186755627588210696,1
4847901676,290179649,1
4847901676,301705809,2
4847901676,419532697,1
4847901676,527018132,2
48739848,237670274,1
48739848,290179649,1
48823116,237670274,3
48823116,290179649,3
48823116,883016728426536960,2
4884531413,290179649,1
4892693061,883016728426536960,1
489401184,290179649,2
4905277043,1139691182,1
4905277043,1250009943635300353,1
4905277043,1568980915,1
4905277043,229591099,1
4905277043,290179649,16
4905277043,541817185,1
4905277043,970705978130882560,1
4908923878,883016728426536960,1
497093120,112125663,1
50638161,237670274,1
510549225,237670274,1
510549225,282168818,1
510549225,3266268066,1
512397980,147175646,1
512397980,290179649,3
51369899,1134903483608576000,1
51369899,290179649,1
51369899,291185646,2
51369899,29240190,1
51369899,47722415,1
51369899,885061631306346499,1
51481233,112125663,1
51913277,237670274,1
51913277,290179649,1
525926263,237670274,1
525926263,290179649,4
526305308,883016728426536960,2
541817185,171031365,1
541817185,44183483,1
543416511,112125663,2
543416511,290179649,1
543416511,419532697,2
543745427,291185646,3
544208549,112125663,1
544208549,290179649,7
544208549,419532697,5
544655207,112125663,1
546071988,112125663,1
546071988,290179649,7
546071988,291185646,4
546071988,399931157,2
546071988,419532697,1
546071988,883016728426536960,4
546071988,939010904,7
54646749,290179649,1
54702045,883016728426536960,1
547855479,1012020753246621696,1
547855479,112125663,6
547855479,1470384162,3
547855479,266264002,4
547855479,291185646,3
547855479,419532697,7
548727150,10228272,1
548727150,237670274,1
550493131,290179649,3
550777618,237670274,1
550777618,290179649,1
551741950,1106260346774396928,1
551741950,112125663,6
551741950,13346712,1
551741950,15358525,1
551741950,1711152834,1
551741950,19614615,1
551741950,202737578,1
551741950,22362416,1
551741950,237670274,1
551741950,242838469,1
551741950,290179649,14
551741950,291185646,2
551741950,3131366284,1
551741950,398041988,1
551741950,41608459,1
551741950,419532697,8
551741950,824037584,1
551741950,857357504736628736,2
551741950,883016728426536960,1
5529282,112125663,1
5529282,112400302,2
5529282,290179649,4
5529282,3177115740,1
5529282,398041988,1
5529282,885061631306346499,1
555875958,112125663,1
555875958,290179649,1
555875958,291185646,1
555875958,419532697,1
55592743,290179649,8
55592743,35997832,2
55684757,883016728426536960,1
55858339,290179649,2
564722936,290179649,1
564722936,291185646,1
56607724,112400302,3
567197561,112125663,1
567197561,290179649,1
568415993,290179649,2
569596133,282168818,1
574556433,112125663,1
57464533,3327887445,1
574815931,112125663,1
574815931,419532697,1
576144150,237670274,1
576144150,290179649,1
576169808,282168818,1
576169808,419532697,1
57830727,112125663,3
57830727,112400302,2
57830727,290179649,6
57830727,291185646,3
57830727,419532697,1
58028408,1032242932600987653,1
58028408,1186755627588210696,1
58028408,3327887445,1
584127723,237670274,1
584127723,290179649,3
588800661,1197232686395465730,1
588800661,237670274,1
591779131,391542531,1
59660286,47169767,1
597344687,419532697,1
597438772,112125663,1
597438772,1247253554487836673,1
597438772,744551780420296704,1
599876632,883016728426536960,1
60008675,284471145,1
60008675,291185646,1
60008675,47722415,1
60025628,1242948664110321664,1
60025628,290179649,1
60402504,1334512525,1
60402504,419532697,1
6069772,290179649,1
60964853,112125663,1
60964853,419532697,1
610289328,1032242932600987653,1
610289328,112125663,3
610289328,114686660,1
610289328,115671519,7
610289328,1165696931114442753,1
610289328,1186755627588210696,5
610289328,1334707548,1
610289328,145437352,1
610289328,1603131234,1
610289328,1630805862,1
610289328,240364833,1
610289328,2708805151,1
610289328,272943041,1
610289328,282168818,2
610289328,290179649,8
610289328,301705809,3
610289328,312191671,1
610289328,324942721,1
610289328,3327887445,2
610289328,419532697,9
610289328,436106169,1
610289328,4847901676,4
610289328,527018132,4
610289328,547855479,1
610289328,610289328,1
610289328,771890994,1
610289328,822180013340553216,1
610289328,939010904,2
611742122,112125663,2
611742122,290179649,5
611742122,419532697,5
612665394,282168818,1
615623469,1050852632804425729,1
615623469,112125663,1
615623469,237670274,1
615623469,290179649,1
615623469,291185646,1
615623469,419532697,1
61571899,291185646,1
616264595,112125663,1
616264595,1137161258,1
616264595,290179649,1
616264595,419532697,1
616264595,616264595,1
616264595,722430246,2
616919984,237670274,1
616919984,291185646,1
616919984,3327887445,2
617150325,290179649,1
617150325,885061631306346499,1
619277241,290179649,2
621232301,291185646,1
6246582,291185646,1
631350097,290179649,12
631350097,291185646,2
64421289,237670274,1
64421289,290179649,2
65055340,3327887445,1
65055340,759663092905152512,1
65248714,237670274,1
6715202,112125663,2
6715202,1438652071,1
6715202,290179649,7
6715202,298998420,1
6795312,1040613634341314560,1
68061131,112125663,4
68061131,112400302,1
68061131,25270513,1
68061131,282168818,1
68061131,290179649,3
68061131,3327887445,1
68061131,419532697,2
68061131,883016728426536960,1
68061131,970705978130882560,1
700693470034268160,112125663,1
700693470034268160,14132591,1
700693470034268160,237670274,1
700693470034268160,290179649,6
700693470034268160,291185646,1
70225397,290179649,1
703260603385823233,759663092905152512,1
703602490495934464,290179649,1
703674703634894849,237670274,1
704447129813700609,112125663,1
704447129813700609,1137161258,1
704447129813700609,1242948664110321664,1
704447129813700609,1244224874907869185,1
704447129813700609,18912325,1
704447129813700609,284410889,1
704447129813700609,290179649,3
704447129813700609,291185646,1
704447129813700609,391542531,1
704447129813700609,419532697,2
704960187325620224,419532697,1
70713452,237670274,1
707580129682317313,290179649,1
710255733,237670274,1
712075275505418240,354188080,1
712775543213703168,290179649,1
71301453,25708231,1
71301453,836353086423773184,1
714626746285498368,291185646,1
715599600,759663092905152512,1
715886318836953088,112125663,1
715886318836953088,290179649,5
71676966,112125663,1
71676966,129301584,1
71676966,16717978,1
71676966,23577049,1
71676966,26966080,1
71676966,290179649,6
71676966,291185646,1
71676966,32414320,1
71676966,3327887445,1
71676966,419532697,2
71676966,4653181881,1
71676966,858212603834888192,1
71676966,883016728426536960,2
718139255021838337,112125663,1
7185882,237670274,1
7185882,290179649,1
719281403960172544,237670274,1
720125696,237670274,1
720125696,290179649,1
720125696,291185646,1
72063177,419532697,1
72124685,291185646,1
722430246,112125663,1
722430246,290179649,1
722430246,616264595,2
723249859,237670274,2
725052515256025089,112125663,23
725052515256025089,290179649,60
725052515256025089,291185646,4
725052515256025089,419532697,20
725757744255516672,2195550221,2
725757744255516672,3131146787,1
725757744255516672,3327887445,1
725757744255516672,883016728426536960,1
7267142,2393124608,1
7267142,282168818,1
7267142,312191671,1
726731137448550400,290179649,8
726731137448550400,419532697,3
727120924521168897,883016728426536960,1
727219154458165248,262358534,1
727219154458165248,290179649,1
727886827865157632,883016728426536960,1
729415662,237670274,1
731479469681152000,262358534,1
731978539248062464,19701628,2
731978539248062464,237670274,2
731978539248062464,825168530861654018,1
734002891850153984,3327887445,1
734002891850153984,883016728426536960,1
736268787545190400,1663280066,1
736268787545190400,290179649,1
737040692,237670274,1
738558241374916608,112125663,1
738558241374916608,730730482615365633,1
738558241374916608,883016728426536960,1
739505879041646593,290179649,8
739505879041646593,419532697,2
740259359922458624,112400302,1
740259359922458624,16717978,1
740259359922458624,290179649,1
740259359922458624,419532697,1
74095645,237670274,1
743533488662523904,237670274,1
744551780420296704,112125663,3
744551780420296704,1142871151330430976,1
744551780420296704,1247253554487836673,1
744551780420296704,290179649,2
744551780420296704,291185646,1
744551780420296704,419532697,3
745014260087070720,145437352,2
74581886,290179649,1
745863730634854402,2957406928,1
7462462,1013777146102337536,1
7462462,112125663,6
7462462,112400302,1
7462462,1240818816273321988,1
7462462,1247253554487836673,1
7462462,129301584,1
7462462,2188843680,1
7462462,242838469,1
7462462,25708231,1
7462462,26966080,1
7462462,290179649,6
7462462,3327887445,1
7462462,419532697,1
7462462,44183483,1
7462462,47722415,1
7462462,883016728426536960,1
74835605,112125663,29
74835605,112400302,10
74835605,1142871151330430976,1
74835605,1244224874907869185,6
74835605,14132591,1
74835605,2830003362,1
74835605,290179649,54
74835605,291185646,10
74835605,419532697,35
74835605,44183483,1
74972449,112125663,1
74972449,290179649,1
74972449,419532697,1
75242462,14132591,1
75242462,290179649,3
75242462,428949742,1
753618996,237670274,1
75690489,237670274,1
75690489,290179649,5
75690489,939010904,1
757015537285201920,883016728426536960,1
759663092905152512,112125663,1
760684671713873920,290179649,1
761872176,398041988,1
764556974,112125663,1
765049604547153920,2195550221,1
765049604547153920,883016728426536960,1
766363029470646272,171031365,1
766487227,290179649,1
766487227,419532697,1
768042090,1240818816273321988,1
768042090,2195550221,1
768042090,290179649,1
768042090,3131366284,1
768042090,839495478,1
768062623623614464,237670274,1
769880555781550081,290179649,1
771104194635898880,14132591,1
771104194635898880,282168818,1
771104194635898880,290179649,1
771104194635898880,399931157,1
771104194635898880,941328067,1
771126752013848576,237670274,1
771890994,237670274,1
771890994,290179649,1
771890994,291185646,2
773258376029544452,1935454333,8
7745212,290179649,1
77496162,291185646,1
776098140722167808,883016728426536960,1
776098771293700099,291185646,1
788250114250776576,112125663,4
788250114250776576,290179649,8
788250114250776576,291185646,1
788250114250776576,419532697,1
788250114250776576,883016728426536960,5
78857150,290179649,1
791671313383514112,14132591,1
791671313383514112,186400826,1
791671313383514112,419532697,1
791671313383514112,477680081,1
791671313383514112,742934683,1
793605562919452672,1024840482298507264,1
793605562919452672,1026161281127116800,2
793605562919452672,112125663,1
793605562919452672,112400302,2
793605562919452672,114686660,1
793605562919452672,1283985709,2
793605562919452672,1337477952,1
793605562919452672,1630805862,1
793605562919452672,171031365,2
793605562919452672,237670274,1
793605562919452672,25708231,1
793605562919452672,2708805151,1
793605562919452672,2830003362,1
793605562919452672,290179649,13
793605562919452672,291185646,2
793605562919452672,298741679,1
793605562919452672,3327887445,1
793605562919452672,419532697,6
793605562919452672,500052210,1
793605562919452672,725757744255516672,1
793605562919452672,759663092905152512,1
793605562919452672,768042090,1
793605562919452672,836353086423773184,1
793605562919452672,883016728426536960,7
793605562919452672,885061631306346499,1
794227735652691968,282168818,1
794227735652691968,883016728426536960,4
794284128686534656,2195550221,1
794284128686534656,419532697,1
794284128686534656,768042090,1
795065311879958528,1233140941814423552,1
795065311879958528,290179649,1
795684207410429952,1157585948672217088,1
796407607984463872,1165696931114442753,1
796407607984463872,282168818,1
796407607984463872,290179649,2
796407607984463872,419532697,1
800372522977898496,112125663,1
800372522977898496,419532697,1
800372522977898496,725757744255516672,1
800372522977898496,883016728426536960,1
801423909639876608,419532697,1
802835245166903296,1106260346774396928,1
802835245166903296,291185646,1
804410376083357697,112125663,1
804699842,1241307294148825093,1
804699842,14132591,1
804699842,19911928,1
804699842,290179649,3
805708723616448512,14132591,2
806917304273375232,4847901676,3
806917304273375232,883016728426536960,5
810514833682694144,112125663,1
810788725,290179649,3
815679249701076994,290179649,5
816477408391929856,2195550221,1
816477408391929856,290179649,3
818128037669642240,290179649,1
820333938434523136,1114612239565303808,1
820333938434523136,301705809,1
82157650,10228272,1
82157650,112125663,1
82157650,112400302,1
82157650,22479281,2
82157650,263055971,2
82157650,273661014,2
82157650,486755798,2
822122282529198080,112125663,3
822122282529198080,290179649,18
822122282529198080,291185646,1
822122282529198080,419532697,1
822180013340553216,1084838565073379332,1
822180013340553216,112125663,10
822180013340553216,1137161258,1
822180013340553216,290179649,24
822180013340553216,291185646,1
822180013340553216,419532697,10
824037584,112125663,2
824037584,114686660,1
824037584,1243104176315478016,1
824037584,142606856,1
824037584,171031365,1
824037584,2223505226,1
824037584,290179649,2
824037584,291185646,3
824037584,419532697,1
824037584,47722415,1
824037584,497093120,1
824037584,500052210,1
824037584,839495478,1
824037584,953808314,1
8241252,316506395,2
8241252,419532697,1
825069188448395264,147175646,1
825069188448395264,168720555,1
825069188448395264,291185646,1
825069188448395264,318644398,1
825069188448395264,858212603834888192,1
825168530861654018,19701628,1
825168530861654018,237670274,1
825168530861654018,731978539248062464,1
827023440666382336,112125663,1
827023440666382336,290179649,2
827228464428232705,112125663,3
828548701475966976,237670274,1
828548701475966976,290179649,16
828548701475966976,291185646,2
828548701475966976,419532697,22
829163538,290179649,2
829163538,291185646,1
829163538,419532697,4
831275326307196929,3327887445,1
831601965452951556,290179649,2
832577260528029697,237670274,1
832577260528029697,290179649,1
833384613493891072,290179649,3
833434653973438465,290179649,1
836353086423773184,112125663,1
836353086423773184,290179649,4
836353086423773184,291185646,1
836353086423773184,419532697,1
83654714,1165690094461882368,1
83654714,25770236,2
83926769,282168818,1
83926769,3327887445,1
83926769,883016728426536960,1
839495478,768042090,1
842294341,398041988,1
842304306,290179649,2
842304306,291185646,2
842304306,3125423645,1
842304306,419532697,1
843128919876362241,112125663,1
843128919876362241,771104194635898880,1
843561071768145921,1013777146102337536,1
844514419686158336,112125663,2
844514419686158336,290179649,3
844514419686158336,291185646,1
844514419686158336,419532697,1
845546209,26966080,1
845546209,291185646,1
845546209,883016728426536960,1
845984788569870336,112125663,3
845984788569870336,1251482894964592642,1
845984788569870336,237670274,5
845984788569870336,290179649,5
845984788569870336,291185646,1
845984788569870336,419532697,3
84659278,135155476,1
84659278,2822482601,1
84659278,290179649,4
84659278,54890381,1
848371627,1212406013619363842,1
848371627,237670274,1
848371627,290179649,1
848371627,291185646,2
848371627,419532697,2
851092641588670464,291185646,1
854239305467908096,883016728426536960,1
855152851114496004,112125663,2
855657466444488704,237670274,1
855657466444488704,290179649,1
857357504736628736,19614615,1
857612265645907973,237670274,2
857612265645907973,857612265645907973,1
858212603834888192,147175646,1
858212603834888192,168720555,1
858212603834888192,237670274,1
858212603834888192,290179649,1
858212603834888192,291185646,1
858212603834888192,318644398,1
858212603834888192,419532697,2
858231738,291185646,1
860975847074910208,112125663,1
860975847074910208,290179649,1
860975847074910208,4653181881,1
860975847074910208,883016728426536960,1
861432431282339840,237670274,1
861432431282339840,290179649,1
862576060147408896,1283985709,1
862576060147408896,290179649,1
862576060147408896,4374955517,1
866410626633093120,112125663,4
866410626633093120,1165696931114442753,1
866410626633093120,1244224874907869185,1
866410626633093120,1568980915,1
866410626633093120,282168818,1
866410626633093120,283720890,1
866410626633093120,290179649,2
866410626633093120,3327887445,1
866410626633093120,3331805955,1
866410626633093120,350496295,1
866410626633093120,883016728426536960,1
866839813,14132591,1
86752615,3327887445,1
869128189985128448,112125663,1
869128189985128448,290179649,9
869128189985128448,419532697,4
870235988756443137,290179649,1
870445760793464833,18227785,1
87053137,237670274,1
87053137,290179649,1
87053137,48739848,1
871473462606475265,1229881658746249223,2
87254836,1137161258,1
87254836,291185646,1
87295682,290179649,2
87458675,112400302,1
87458675,1149769979975426048,1
87458675,1216154687633752065,1
87458675,129301584,1
87458675,1337477952,3
87458675,145437352,1
87458675,1630805862,1
87458675,24750760,1
87458675,26966080,1
87458675,282740346,1
87458675,290179649,5
87458675,291185646,1
87458675,3131146787,1
87458675,3331805955,1
87458675,399931157,1
87458675,44183483,1
87458675,462997201,1
87458675,47722415,1
87458675,730730482615365633,1
87458675,883016728426536960,3
87458675,885061631306346499,2
875636958399152128,112400302,1
875802857567551488,2737986153,1
876138213525647362,398041988,1
876949373812342785,4847901676,1
877785315263602690,354188080,1
879056694277545984,290179649,2
88030211,237670274,1
88030211,290179649,1
88262421,290179649,1
88262421,363587772,1
883016728426536960,237670274,1
883016728426536960,290179649,34
883016728426536960,291185646,1
883057164792860677,19701628,1
883057164792860677,237670274,1
88371136,2366042504,1
88371136,290179649,1
88371136,376066178,26
885043367306031109,162989921,3
885043367306031109,17170147,3
885043367306031109,237670274,3
885061631306346499,290179649,4
885061631306346499,419532697,2
885145239492714496,2195550221,2
885145239492714496,290179649,3
885145239492714496,419532697,1
885451692497661953,237670274,1
886754445866012673,112125663,1
886754445866012673,237670274,1
886754445866012673,290179649,1
886754445866012673,419532697,1
886754445866012673,966923298310307841,1
886946430673440768,112125663,2
886946430673440768,263055971,1
886946430673440768,290179649,1
886946430673440768,419532697,1
886946430673440768,742934683,1
88792801,112125663,1
888835891724156930,112125663,1
889056559002775552,112125663,2
889056559002775552,290179649,3
889056559002775552,419532697,1
892737626,237670274,1
892800856617361408,883016728426536960,1
893010626,290179649,5
893010626,291185646,1
894988512608616449,290179649,1
89508594,290179649,1
897169813029736449,254713258,1
897169813029736449,290179649,6
897169813029736449,291185646,4
897169813029736449,419532697,1
902634270,291185646,1
909065891324813313,282168818,1
916333489041104897,3131366284,1
916333489041104897,768042090,2
916333489041104897,794284128686534656,1
91694472,14132591,1
91694472,147175646,1
91694472,168720555,1
91694472,291185646,1
91694472,318644398,1
91694472,858212603834888192,1
919686119222104065,237670274,1
919686119222104065,290179649,5
919686119222104065,291185646,1
919686119222104065,419532697,1
919693556,112125663,2
919693556,419532697,1
920788134572511233,920788134572511233,2
922152607157772292,19614615,1
922152607157772292,290179649,1
922152607157772292,419532697,1
930171289,112125663,3
930171289,18393773,1
930171289,2366042504,1
930171289,290179649,2
930171289,291185646,3
930171289,419532697,4
930931544692350976,371300874,2
931923570707521537,282168818,2
932070069168992257,112125663,2
932070069168992257,237670274,1
932070069168992257,290179649,9
932070069168992257,291185646,1
932070069168992257,419532697,2
93230404,290179649,4
935167817552482305,282168818,1
936738968305131525,1032242932600987653,1
936738968305131525,115671519,1
936738968305131525,14132591,1
936738968305131525,2195550221,1
936738968305131525,301705809,1
936738968305131525,31940398,1
937939132021604352,883016728426536960,1
9385562,237670274,1
9385562,290179649,1
939010904,1081678979311026177,1
939010904,112125663,38
939010904,1142871151330430976,1
939010904,208685394,1
939010904,21887847,1
939010904,290179649,65
939010904,291185646,2
939010904,419532697,62
941258978,4653181881,1
943290348,14132591,1
943290348,186400826,1
943290348,419532697,1
943290348,477680081,1
943290348,742934683,1
944280267216302080,237670274,1
944280267216302080,4779040697,1
947922147011452928,883016728426536960,4
948387495699501056,291185646,1
94911886,224589396,1
94911886,290179649,1
94911886,291185646,1
94911886,3266268066,1
951777353331609601,290179649,1
951931261706231808,290179649,1
953275374439317504,237670274,1
953275374439317504,290179649,1
953808314,419532697,2
954112288897847296,3327887445,1
955807219,290179649,2
955807219,291185646,1
956164395243134976,112125663,2
956164395243134976,112400302,1
956164395243134976,290179649,2
956164395243134976,291185646,2
957245585161154560,112125663,1
957245585161154560,419532697,1
959732718589415425,918043589371973632,1
960405817,290179649,1
963722705324466176,112125663,4
963722705324466176,14132591,1
963722705324466176,290179649,1
963722705324466176,291185646,5
963722705324466176,419532697,5
966923298310307841,112125663,2
966923298310307841,237670274,2
966923298310307841,290179649,2
966923298310307841,419532697,2
967861382183112712,3327887445,1
970456530,4653181881,1
970705978130882560,112125663,4
970705978130882560,290179649,9
970705978130882560,419532697,1
970705978130882560,44183483,1
970705978130882560,47722415,3
970705978130882560,715886318836953088,1
970705978130882560,883016728426536960,2
970750761071194117,237670274,1
970750761071194117,290179649,1
9726132,237670274,1
9726132,290179649,1
974062900473221121,14132591,1
974062900473221121,290179649,1
974600620219994118,112125663,1
974600620219994118,112400302,2
974600620219994118,290179649,7
975486997786759179,1244224874907869185,1
975486997786759179,237670274,1
975486997786759179,290179649,1
975486997786759179,419532697,1
97725665,19614615,1
97725665,290179649,3
97725665,41112090,1
978508142,112125663,1
978508142,419532697,2
980992279786684416,282168818,1
982781003713433600,112125663,1
982781003713433600,2393124608,1
982781003713433600,725052515256025089,1
984184980929699841,725757744255516672,1
984214297487097856,147175646,1
987667321815752704,112125663,1
987667321815752704,1220292750001700864,1
987667321815752704,1243104176315478016,1
987667321815752704,240364833,1
987667321815752704,290179649,1
987667321815752704,291185646,1
987667321815752704,426180302,2
987667321815752704,806917304273375232,1
987667321815752704,885061631306346499,1
989617991787667457,14132591,1
996832696302231552,291185646,1
996832696302231552,883016728426536960,1
999614950019682304,112125663,1
999614950019682304,290179649,1
999614950019682304,419532697,1
999614950019682304,883016728426536960,1
999880371205357573,2393124608,1
999880371205357573,883016728426536960,1
